ChEMBL ID,AlogP,PSA,HBA,HBD,Smiles,MW,pIC50
CHEMBL394875,-0.24,63.32,3,2,CSC[C@H](N)C(=O)O,352.39700000000005,4.200659450546418
CHEMBL200381,5.04,86.52,6,2,N#Cc1cnc2cnc(NCc3cccnc3)cc2c1Nc1ccc(F)c(Cl)c1,151.12099999999998,7.301029995663981
CHEMBL502351,4.62,52.31,5,0,COc1ccc(-c2cnc3c(-c4cccc5ncccc45)cnn3c2)cc1,380.8060000000001,5.522878745280337
CHEMBL492572,4.59,70.13,4,2,C[C@@H](CN1CCC(n2c(=O)[nH]c3cc(Cl)ccc32)CC1)NC(=O)c1ccc2ccccc2c1,603.6010000000002,7.337242168318426
CHEMBL492591,1.46,66.23,2,2,O=C(O)c1cc2occc2[nH]1,337.261,6.85078088734462
CHEMBL494772,2.37,96.28,6,2,COc1cc(Cc2cnc(N)nc2N)c(C(C)C)cc1OC,465.5540000000002,5.700000503883016
CHEMBL561103,3.74,110.53,10,1,COC(=O)Nc1ccc(-c2nc(N3CCOCC3)c3cnn(C4CCN(Cc5cccnc5)CC4)c3n2)cc1,509.39300000000026,8.337242168318426
CHEMBL559525,4.69,58.20,2,2,O=C(NC(=O)c1c(F)cccc1Cl)NC1c2ccccc2-c2ccccc21,188.231,8.818156412055227
CHEMBL397983,5.81,99.44,8,0,CCOc1ccc(-n2c([C@@H](C)N(Cc3cccnc3)C(=O)Cc3ccc(OC(F)(F)F)cc3)nc3ncccc3c2=O)cc1,387.8670000000001,8.096910013008056
CHEMBL1096283,1.06,82.67,7,0,Cn1nc(-c2ccc(C(F)(F)F)cc2)nc2c(=O)n(C)c(=O)nc1-2,396.6720000000001,3.6989700043360187
CHEMBL1078983,2.64,93.07,9,1,COc1ccc(-c2ccc3c(N4CCOCC4)nc(N4C[C@H](C)O[C@H](C)C4)nc3n2)cc1CO,460.62100000000015,7.795880017344075
CHEMBL4068896,6.80,85.37,6,2,C=CC(=O)Nc1cccc(C)c1Nc1ncc2cc(-c3c(Cl)c(OC)cc(OC)c3Cl)ccc2n1,530.6360000000003,6.619969752032169
CHEMBL332148,-1.08,111.23,3,5,CN[C@@H](CCCNC(=N)N)C(=O)O,326.4840000000001,4.356547323513812
CHEMBL518800,4.26,100.78,8,3,CC[C@H](CO)Nc1nc(NCc2ccc(-c3ccccn3)cc2)c2ncn(C(C)C)c2n1,479.96800000000013,6.886056647693163
CHEMBL469169,3.77,70.67,3,2,CNC(=O)c1cccc(NC(=O)N2CCC(Oc3ccccc3Cl)CC2)c1,332.7910000000001,8.397940008672037
CHEMBL1204168,4.15,56.27,5,1,COc1cc2ncnc(Nc3cccc(Br)c3)c2cc1OC.Cl,358.445,9.18045606445813
CHEMBL567303,3.73,77.49,4,3,Cc1cc(NC(=O)NCCN2CCC(O)(Cc3ccccc3)CC2)c2ccccc2n1,179.26299999999998,4.1249387366083
CHEMBL1241767,4.15,124.74,9,2,Cc1ccccc1-n1c(Cn2nc(-c3cccc(O)c3)c3c(N)ncnc32)nc2cccc(C)c2c1=O,348.2320000000001,5.017728766960431
CHEMBL604710,6.14,23.55,2,0,O=C(CC(c1ccccc1)c1ccccc1)N1CCN(C(c2ccccc2)c2ccccc2)CC1,471.5650000000004,4.913640169325252
CHEMBL410295,4.69,83.59,9,1,Cc1cccc(C)c1-n1c(=O)c2cnc(Nc3ccc(N4CCN(C)CC4)cc3)nc2n2c3ccccc3nc12,501.5090000000003,8.154901959985743
CHEMBL270948,6.02,34.15,3,1,CCC(CC)Nc1cc(C)nc(Oc2c(C)cc(C)cc2C)c1C,555.4760000000001,8.289967300934247
CHEMBL471411,4.68,41.99,3,1,Cc1ccc(-c2csc(NC(=O)c3ccccc3)n2)c(C)c1,284.256,5.0655015487564325
CHEMBL1642655,4.07,64.22,5,1,CC(C)(C)c1ccc(C(=O)Nc2cn3cc(-n4ccnc4)ccc3n2)cc1,399.4130000000001,7.853871964321762
CHEMBL513390,1.13,70.05,4,3,CC(C)N[C@@H]1CCn2c(=O)[nH]c3cccc(c32)[C@H]1O.Cl,351.45000000000005,3.494850021680094
CHEMBL401930,3.86,106.27,6,4,Cc1cc(N2CCOCC2)cc2[nH]c(-c3c(NC[C@@H](O)c4cccc(Cl)c4)cc[nH]c3=O)nc12,436.3090000000001,7.0
CHEMBL473659,-0.03,298.14,18,12,CC(C)=CCC[C@](C)(O[C@@H]1O[C@H](CO)[C@@H](O)[C@H](O)[C@H]1O)[C@H]1CC[C@]2(C)[C@@H]1[C@H](O)C[C@@H]1[C@@]3(C)CC[C@H](O[C@@H]4O[C@H](CO)[C@@H](O)[C@H](O)[C@H]4O[C@@H]4O[C@H](CO)[C@@H](O)[C@H](O)[C@H]4O)C(C)(C)[C@@H]3CC[C@]12C,342.4210000000001,3.6020599913279625
CHEMBL483243,1.92,56.22,4,0,CN1C(=O)C2C(N=C(/C=C/c3cccc(Cl)c3)N2C)N(C)C1=O,321.38000000000005,6.835647144215563
CHEMBL232656,3.08,87.90,4,2,C[C@@H]1CN(Cc2ccc(F)cc2)CCN1C(=O)COc1ccc(Cl)cc1NC(N)=O,471.4700000000002,7.7447274948966935
CHEMBL522618,4.79,69.41,6,1,C[C@H](Nc1cc2c(-c3ccc4c(c3)OCO4)noc2cn1)c1ccccc1,377.9200000000002,6.669586226650809
CHEMBL97162,3.63,73.06,6,1,COc1nccc(-c2c(-c3ccc(F)cc3)ncn2[C@H]2CC[C@H](O)CC2)n1,467.41300000000035,7.468521082957745
CHEMBL379218,3.88,76.82,4,2,Cc1n[nH]c2ccc(-c3cncc(OC[C@@H](N)Cc4ccccc4)c3)cc12,378.394,7.853871964321762
CHEMBL97257,6.48,70.50,5,1,CN(C)C(=O)CCS[C@@H](SCCC(=O)O)c1cccc(/C=C/c2ccc3ccc(Cl)cc3n2)c1,127.168,9.113509274827518
CHEMBL147507,2.03,35.25,2,1,Cc1cccc(C)c1OC[C@@H](C)N,488.65700000000027,4.267606240177032
CHEMBL2159495,5.32,60.21,5,0,CC(=O)c1cc([N+](=O)[O-])c(Sc2cccc(Cl)c2Cl)s1,498.3260000000002,5.376750709602099
CHEMBL4072005,1.98,74.33,3,2,O=C(NCC(=O)N1CCCC1)Nc1ccc2cnccc2c1,277.367,7.040958607678906
CHEMBL33620,6.10,70.00,7,0,COc1ccc(CCN(C)CCCOc2ccc(S(=O)(=O)c3c(C(C)C)c4ccccc4n3C)cc2)cc1OC,381.33900000000006,10.142667503568731
CHEMBL1230001,4.82,69.64,2,2,O=C(O)c1ccccc1NC(=O)N1CCC(c2ccccc2C(F)(F)F)CC1,353.3560000000001,7.050609993355087
CHEMBL1236904,3.76,80.56,8,1,Cc1cc(CN2CCN(c3c(Br)cnc4nc(-c5ccc(N6CCN(C)CC6)cc5)[nH]c34)CC2)no1,298.34999999999997,7.823908740944319
CHEMBL3237719,3.75,109.06,8,2,C[C@H]1CC[C@H](n2c3cnccc3c3cnc(Nc4ccc5c(n4)CCN(C(=O)CO)C5)nc32)CC1,474.4540000000001,8.522878745280337
CHEMBL11594,4.21,85.17,5,2,CC1(C)Oc2ccc(C#N)cc2[C@H](N(Cc2ncc[nH]2)c2ccc(Cl)cc2)[C@H]1O,284.225,4.522878745280337
CHEMBL3259907,5.63,81.54,5,1,Cc1nc2ccccc2c(-c2ccc3c4c(ccnc24)CCO3)c1[C@H](OC(C)(C)C)C(=O)O,375.42800000000005,4.638272163982407
CHEMBL3040440,4.79,87.75,7,3,CNC(=O)c1ccccc1Nc1cc(Nc2ccc(N3CCOCC3)cc2OC)ncc1C(F)(F)F,204.18099999999998,6.920818753952375
CHEMBL4210419,5.84,52.29,5,0,O=C(c1cn(Cc2cncn2Cc2ccc(Br)cc2)cc1-c1cccc2ccccc12)N1CCOCC1,1121.4459999999995,9.096910013008056
CHEMBL480889,3.26,83.58,7,1,COc1cccc(CN(C(=O)CC(C)(C)C)[C@H]2C[C@@H](C(=O)N3CCNCC3)N(Cc3ccc4c(c3)OCO4)C2)c1,179.606,7.0
CHEMBL502124,5.72,102.49,7,3,CCN1CCN(C(=O)Cc2ccc(Nc3ncc(F)c(Nc4ccc(C(=O)Nc5ccccc5Cl)cc4)n3)cc2)CC1,406.49300000000005,7.259637310505756
CHEMBL3143955,1.58,50.94,4,2,CCCN[C@H]1CCc2nc(N)sc2C1.Cl.Cl,429.47000000000014,5.327902142064283
CHEMBL1807053,4.97,65.50,6,1,CCC(CC)Nc1nc(C)c(-c2ccc(OC(F)(F)F)cc2OC)nc1OC,400.48200000000014,7.031517051446065
CHEMBL298019,3.65,64.55,6,0,CCOC(=O)c1ccc(OCCC2CCN(c3ccc(C)nn3)CC2)cc1,324.4020000000001,7.199970640755866
CHEMBL325226,4.55,46.50,3,1,Cc1c(NC(=O)N2CCOCC2)ccc2c1c1ccccc1n2C(C)C,322.303,8.522878745280337
CHEMBL3356143,2.74,68.50,6,1,COc1ccccc1C(=O)Nc1cc2c(cc1N1CCCC1)n(C)c(=O)n2C,421.326,8.327902142064282
CHEMBL333081,4.85,61.44,2,2,O=C1NN(C(=O)Nc2ccc(Br)cc2)[C@@H](c2ccccc2)[C@@H]1c1ccccc1,785.0250000000002,4.688246138944246
CHEMBL3356976,5.23,42.01,4,0,O=C(OC(C(F)(F)F)C(F)(F)F)N1CCN(Cc2cccc(Oc3ccccc3)c2)CC1,364.4890000000001,7.130005999878258
CHEMBL266510,4.53,38.33,2,1,COc1ccc(Cl)cc1[C@]1(F)C(=O)Nc2cc(C(F)(F)F)ccc21,577.5530000000003,6.453457336521869
CHEMBL480718,2.68,41.61,3,0,Cl.N#Cc1ccc([C@H]2CCCc3cncn32)cc1,420.5630000000001,6.167491087293763
CHEMBL470334,3.04,164.36,11,4,N#Cc1ccc(COC[C@H]2O[C@@H](n3c(NCc4ccc(Cl)c(Cl)c4)nc4c(N)ncnc43)[C@H](O)[C@@H]2O)cc1,147.174,6.301029995663981
CHEMBL44752,-0.13,136.87,5,3,COC(=O)[C@H](CCCN=C(N)N)NS(=O)(=O)c1ccc(C)cc1,275.348,4.050609993355087
CHEMBL394527,1.92,105.66,5,4,O=C(N[C@@H]1Cc2ccccc2N(C[C@@H](O)CO)C1=O)c1cc2cc(Cl)sc2[nH]1,337.8540000000001,7.3979400086720375
CHEMBL178654,6.68,99.51,7,2,CCOc1cc2ncc(C#N)c(Nc3ccc(OCc4cccc(F)c4)c(Cl)c3)c2cc1NC(=O)/C=C/CN(C)C,223.663,7.481486060122112
CHEMBL264406,3.98,69.62,5,1,CC(C)(C)n1nc(-c2cccc3ccccc23)c2c(N)ncnc21,547.0550000000002,8.823908740944319
CHEMBL3341861,5.65,57.26,3,2,O=C(Nc1ccc(Cl)cc1)Nc1cccc(-c2cccc(N3CCCC3)n2)c1,430.41100000000006,7.488116639021126
CHEMBL97424,1.94,41.93,4,1,CCCN1CCO[C@H]2c3cc(O)ccc3OC[C@@H]21,384.8670000000001,4.0
CHEMBL3215749,5.40,15.71,3,0,Cl.Cl.Fc1ccc(C(OCCN2CCN(C/C=C/c3ccccc3)CC2)c2ccc(F)cc2)cc1,296.414,5.570247719997592
CHEMBL97771,5.18,65.50,6,1,COc1cc2ncnc(Nc3ccc(Oc4ccccc4)cc3)c2cc1OC,270.289,4.0
CHEMBL3393599,5.10,115.74,7,3,COc1cc(NC(=O)c2cccc(-n3cc(NC(=O)Nc4cccc(C)c4)cn3)c2)cc(OC)c1OC,500.47700000000026,5.886056647693163
CHEMBL3356433,2.51,129.47,7,3,Cc1c[nH]c2ncnc(N3CCC(CN)(C(=O)Nc4cccc(OC(=O)N(C)C)c4)CC3)c12,587.1850000000001,7.494850021680094
CHEMBL823,3.91,23.55,3,0,CN(C)CCCN1c2ccccc2[S+]([O-])c2ccc(Cl)cc21,185.179,4.115771230367396
CHEMBL3233606,3.08,38.91,3,1,Nc1ncc(Cc2ccc(Br)cc2)s1,363.841,4.154901959985743
CHEMBL2105450,5.62,69.56,3,3,O=C(Nc1cc(Cl)cc(Cl)c1O)c1c(O)c(Cl)cc(Cl)c1Cl,471.62300000000033,5.430626090384954
CHEMBL3092537,2.73,74.85,3,2,C[C@H](NC(=O)CCc1nc2ccccc2c(=O)[nH]1)c1ccccc1,206.28499999999997,5.200659450546418
CHEMBL3264002,2.68,136.31,8,2,CNS(=O)(=O)Nc1nccc(Cc2c(C)c3ccc(Oc4ncccn4)cc3oc2=O)c1F,456.4490000000002,7.3979400086720375
CHEMBL1671898,2.98,75.66,5,2,Cc1cn2c(N)c(Cl)cc(C(=O)NCC3CCN(CC(C)C)CC3)c2n1,342.36300000000017,5.589999287456538
CHEMBL1650511,7.09,50.27,3,1,FC(F)(F)c1ccccc1-c1cc(C(F)(F)F)c2[nH]c(C3=NOC4(CCCCC4)C3)nc2c1,474.56000000000023,5.0
CHEMBL1669669,4.96,41.57,3,1,CCOc1cccc(NC(=O)c2ccc(N3CCCC3)c(C(F)(F)F)c2)c1,442.94700000000034,5.342944147142896
CHEMBL1650619,1.45,25.16,3,1,On1ccccc1=S,324.3809999999999,2.3010299956639813
CHEMBL2338352,4.33,57.70,6,1,O=C(NCC1(N2CCN(c3ccccc3)CC2)CCOCC1)c1cccnc1Sc1ccccc1,449.55700000000013,6.699991797446187
CHEMBL3094448,3.82,126.07,6,3,COc1ncc2cc(C(=O)Nc3cc(C(=O)NCc4cccc(Cl)c4)ccc3Cl)c(=O)[nH]c2n1,354.446,7.657577319177793
CHEMBL3823931,3.51,35.58,2,1,CN(C)C(=O)Nc1cccc(-c2ccc(N(C)C)cc2)c1,391.78000000000003,6.154901959985743
CHEMBL1620289,4.14,21.26,2,1,COc1ccc(CNCc2cccc3ccccc23)cc1,447.52000000000015,5.7447274948966935
CHEMBL2424812,3.21,77.84,3,2,O=C(O)CCN(O)C(=O)CCCCCCCCC1CC1,416.4600000000001,6.698970004336019
CHEMBL1775179,2.75,116.51,9,0,CC(C)OC(=O)N1CCC(Oc2ncnc3c2cnn3-c2ccc(S(C)(=O)=O)cc2F)CC1,382.46300000000025,5.522878745280337
CHEMBL1627056,0.91,134.81,5,2,CC(C)(C)/[N+]([O-])=C/c1ccc(S(=O)(=O)[O-])cc1S(=O)(=O)[O-].[Na+].[Na+],473.5160000000002,2.8239087409443187
CHEMBL373428,-0.46,144.62,8,3,Cc1cn(C[C@H](N)C(=O)O)c(=O)n(Cc2ccsc2C(=O)O)c1=O,131.175,4.0
CHEMBL77538,0.47,104.84,6,2,N#Cc1ccc(NCCNCC(=O)N2CCC[C@H]2C#N)nc1,676.7440000000001,7.657577319177793
CHEMBL536480,2.90,79.37,5,1,Cc1cccc(CCN2CCC(C(=O)c3ccc(NS(C)(=O)=O)cc3)CC2)n1.Cl.Cl,564.6830000000003,7.7423214251308154
CHEMBL2164551,2.95,75.60,5,0,N#Cc1cc(F)cc(-c2nc(-c3ccc(F)cn3)no2)c1,386.40400000000005,7.585026652029182
CHEMBL1652621,3.69,75.44,4,1,Cc1c(CN(C)C(=O)/C=C/c2cnc3c(c2)CCC(=O)N3)oc2ccccc12,282.387,7.5376020021010435
CHEMBL272357,1.62,67.51,4,1,Cc1cc(=O)oc2c(C=O)c(O)ccc12,381.39300000000003,4.3979400086720375
CHEMBL1409793,2.59,33.12,2,1,Oc1ccnc2cc(Cl)ccc12,562.7150000000001,4.301029995663981
CHEMBL2385591,4.02,58.35,6,1,c1cc(-c2cnn3cc(-c4ccc(N5CCNCC5)cc4)cnc23)c2cccnc2c1,266.257,5.388276691992658
CHEMBL3672295,4.49,79.11,4,3,Cc1cc(O)c(-c2ccc([C@@H](C)CN)cc2)c2c1[nH]c(=O)c1sccc12,413.833,8.585026652029182
CHEMBL1428564,1.61,65.78,5,1,CCn1cc(C(=O)O)c(=O)c2cc(F)c(N3CCN(C)CC3)cc21.CS(=O)(=O)O,303.365,5.667561540084395
CHEMBL3218581,3.35,101.21,6,2,Cc1nc(NC(=O)N2CCC[C@H]2C(N)=O)sc1-c1csc(C(C)(C)C)n1,453.5280000000002,7.494850021680094
CHEMBL108425,3.38,57.74,5,0,N#Cc1ccc(N(Cc2ccc(Br)cc2)n2cnnc2)cc1,307.353,9.301029995663981
CHEMBL2336409,5.65,117.85,7,4,Cc1cc(Nc2ccc(NC(=O)c3ccc(Nc4ccnc5ccccc45)cc3)cc2)nc(N)n1,330.77500000000003,4.950007143079858
CHEMBL331465,3.77,51.89,6,0,c1ccc(-c2cnn3cc(-c4ccc(OCCN5CCOCC5)cc4)cnc23)cc1,398.4870000000001,8.045757490560675
CHEMBL3672841,3.63,90.14,7,2,CCN(c1cc(C#CCN2CCOCC2)cc(C(=O)NCc2c(C)cc(C)[nH]c2=O)c1C)[C@H]1CC[C@H](N(C)CCOC)CC1,471.60400000000016,4.0
CHEMBL434045,1.41,90.63,5,1,CCS(=O)(=O)N(C)[C@H]1c2cc(C#N)ccc2OC(C)(C)[C@@H]1O,576.8590000000002,5.301029995663981
CHEMBL225542,2.17,84.21,6,2,O=C(NNc1nc2cc(F)ccc2n2cccc12)c1cnccn1,600.7929999999999,5.3979400086720375
CHEMBL262766,4.32,72.70,6,1,Cc1nnsc1C(=O)Nc1ccc(-n2nc(C(F)(F)F)cc2C(F)(F)F)cc1,204.35699999999997,6.721246399047171
CHEMBL1095008,2.15,218.99,13,9,CC(C)=CCC[C@@](C)(O)[C@H]1CC[C@]2(C)[C@@H]1[C@H](O)C[C@@H]1[C@@]3(C)CC[C@H](O[C@@H]4O[C@H](CO)[C@@H](O)[C@H](O)[C@H]4O[C@@H]4O[C@H](CO)[C@@H](O)[C@H](O)[C@H]4O)C(C)(C)[C@@H]3CC[C@]12C,375.45300000000015,3.6020599913279625
CHEMBL3786182,3.74,52.57,3,2,O=C(O)c1ccc(CN2CCC(CN[C@@H]3C[C@H]3c3ccccc3)CC2)cc1,293.682,7.3872161432802645
CHEMBL2169920,4.55,102.93,6,4,O=C1COc2c(CCNCCN(C(=O)CCNCCc3ccc(Cl)c(Cl)c3)C3CCCCC3)ccc(O)c2N1,658.7070000000001,6.920818753952375
CHEMBL3774655,4.22,60.47,6,0,CCC(=O)N1CCOc2c(cc(-c3ccc(OC)c(OC)c3)cc2OC[C@H]2CCCN(C)C2)C1,427.36800000000017,6.769551078621726
CHEMBL3770903,5.02,67.77,6,1,Cc1cc(C)nc(SCC(=O)Nc2ncc(Cc3cccc4ccccc34)s2)n1,412.51900000000006,6.356547323513812
CHEMBL108084,-1.94,72.72,4,4,OC[C@H]1NCC[C@@H](O)[C@@H]1O,321.38000000000005,3.0861861476162833
CHEMBL325795,2.62,47.56,3,1,COc1ccc([C@H]2CNC(=O)C2)cc1OC1CCCC1,554.8520000000001,5.795880017344075
CHEMBL33240,3.19,35.88,2,2,N=C(Nc1ccccc1)c1cccs1,442.6040000000004,5.3979400086720375
CHEMBL428462,4.40,40.71,2,2,Clc1ccc(C2(c3ccc(-c4cn[nH]c4)cc3)CCNCC2)cc1,474.34000000000015,4.7447274948966935
CHEMBL94841,2.32,50.94,4,1,CCn1c(O)nnc1-c1ccc(Cl)cc1,440.54700000000014,4.0
CHEMBL391586,4.05,76.88,3,2,N#Cc1c(-c2ccccc2)cc(-c2cc(Br)ccc2O)[nH]c1=O,478.5830000000002,7.301029995663981
CHEMBL401989,4.72,76.90,7,0,CCOc1ccccc1-n1c(C(C)N2CCN(C(=O)COc3ccc(Cl)cc3)CC2)nc2ccccc2c1=O,281.334,5.3979400086720375
CHEMBL207225,2.19,53.09,1,2,O=C(O)CCc1c[nH]c2ccccc12,409.5740000000002,3.853871964321762
CHEMBL229430,5.52,77.00,6,1,CC(=O)Nc1nc2c(Oc3cc(-c4ccc(C(F)(F)F)cc4)ncn3)cccc2s1,418.49600000000015,9.045757490560675
CHEMBL379761,4.60,68.06,4,2,CC(C)c1c(NC(=O)Nc2ccc(Cl)cc2)c(=O)n(-c2ccccc2)n1C,495.5800000000003,6.619788758288394
CHEMBL441225,3.28,33.29,3,2,COc1ccccc1CN[C@H]1CCCN[C@H]1c1ccccc1,501.7330000000003,9.301029995663981
CHEMBL3884248,-0.21,93.66,7,1,Cc1ncc([N+](=O)[O-])n1CC(O)CN1CCOCC1,379.8780000000001,2.3010299956639813
CHEMBL339133,2.34,89.71,6,2,Nc1nc(OCc2cc(Br)cs2)c2[nH]cnc2n1,494.60300000000035,8.045757490560675
CHEMBL256470,4.11,78.43,7,1,Cc1csc2c(N[C@@H](C)CN3CCN(S(=O)(=O)c4ccc(Cl)c(Cl)c4)CC3)ncnc12,599.6690000000003,7.769551078621726
CHEMBL16596,9.01,64.35,5,1,CC(C)(C)Sc1c(CC(C)(C)C(=O)O)n(Cc2ccc(Cl)cc2)c2ccc(OCc3ccc4ccccc4n3)cc12,344.3190000000001,8.522878745280337
CHEMBL150315,4.18,56.27,5,1,COc1cc2ncnc(Nc3ccc(Cl)cc3F)c2cc1OC,317.391,5.698970004336019
CHEMBL8759,-0.49,100.62,3,3,N[C@@]1(C(=O)O)CC[C@H]2[C@H](C(=O)O)[C@H]21,433.50100000000015,4.0
CHEMBL144399,1.64,46.01,3,1,Cc1nccc2nc(O)ccc12,248.71300000000002,6.259637310505756
CHEMBL31344,3.19,90.39,2,3,O=C(O)CCc1c(C(=O)O)[nH]c2cc(Cl)cc(Cl)c12,433.90300000000025,7.161150909262744
CHEMBL1476337,1.12,42.96,5,1,COc1ccc(CN2CCNCC2)c(OC)c1OC.Cl,291.26700000000005,5.083019952679618
CHEMBL284782,3.06,78.79,4,3,C[C@H](Cc1ccc(OCC(=O)O)cc1)NC[C@H](O)c1cccc(Cl)c1,295.304,6.721246399047171
CHEMBL299879,4.07,101.34,5,2,O=[N+]([O-])c1ccccc1S(=O)(=O)NC[C@H]1CC[C@H](CNCC2CCc3ccccc3C2)CC1,1032.1349999999993,4.886056647693163
CHEMBL67391,1.50,26.02,1,1,Cl.N[C@H]1C[C@@H]1c1ccccc1,178.212,6.045757490560675
CHEMBL188528,3.67,66.49,4,2,Oc1ccc(-c2nc3cc(O)cc(Br)c3o2)cc1,323.39300000000003,8.698970004336019
CHEMBL427526,3.07,37.30,1,1,CC(C)Cc1ccc([C@@H](C)C(=O)O)cc1,491.49500000000023,6.958607314841775
CHEMBL3098745,3.36,79.29,3,2,Cc1cccc(NC(=O)c2ccc(C(F)(F)F)cc2C(=O)O)n1,432.8680000000001,6.481486060122113
CHEMBL75474,5.81,38.05,3,1,C[C@]12CCC3C(CC=C4C[C@@H](O)CC[C@@]43C)C1CC=C2n1cnc2ccccc21,482.0050000000004,6.522878745280337
CHEMBL2036730,5.09,117.35,6,3,O=C(O)C[C@H]1CC[C@H](c2ccc(NC(=O)c3nnc(Nc4ccc(F)c(F)c4)o3)cc2)CC1,322.368,9.522878745280337
CHEMBL1956071,0.26,141.98,9,2,CCn1c(-c2nonc2N)nc2cncc(C(=O)N3CC[C@H](N)C3)c21,612.7500000000003,8.2518119729938
CHEMBL247920,6.90,64.35,4,1,CCc1c(-c2ccccc2)c(-c2ccccc2)nn1-c1ccccc1-c1cccc(OCC(=O)O)c1,568.6780000000002,6.655607726314889
CHEMBL426161,4.76,68.74,7,1,COc1ccc(Cl)c(Nc2ncnc3cc(OCC4CCN(C)CC4)c(OC)cc23)c1,434.3430000000001,8.0
CHEMBL226630,1.90,131.34,6,3,NC(=O)c1noc([C@H](CCCC2CCCCC2)CC(=O)NO)n1,539.6810000000004,7.356547323513812
CHEMBL3753077,4.02,89.80,5,2,COc1ccc(C2(CNC(=O)c3ccc(NC(=O)c4ccco4)cc3)CCOCC2)cc1,364.4060000000001,5.7447274948966935
CHEMBL3617053,4.71,88.16,5,2,O=C(Nc1ccc(S(=O)(=O)Nc2nccs2)cc1)C(c1ccccc1)c1ccccc1,346.652,5.0
CHEMBL63064,5.19,48.00,4,0,COc1ccc(OC)c(CN(C(C)=O)c2cc(F)ccc2Oc2ccccc2)c1,285.26899999999995,8.790484985457368
CHEMBL71921,4.61,71.44,3,1,CC1=C(C)C(=O)C([C@@H](CCCCCC(=O)O)c2ccccc2)=C(C)C1=O,448.61500000000035,4.886056647693163
CHEMBL3410223,4.84,39.94,4,0,Cc1nc(C#Cc2ccnc(Cl)c2)c(C)n1-c1ccc(OC(F)(F)F)cc1,330.4340000000001,8.0
CHEMBL3338865,3.92,99.12,8,1,COc1ccc(CNC(=O)c2cc(-c3cncc(C)c3)ncc2-c2nccs2)nc1OC,445.5490000000003,7.795880017344075
CHEMBL558805,4.42,12.47,2,0,CN1[C@@H]2CC[C@@H]1CC(OC(c1ccccc1)c1ccccc1)C2,401.797,5.09312646527793
CHEMBL2441340,3.19,89.93,6,1,Cc1cccc(CC(=O)N2CCc3c2ccc(-c2cn(C)c4ncnc(N)c24)c3F)n1,602.7120000000004,5.470056598341331
CHEMBL558642,6.25,65.98,2,2,O=C(O)c1ccc(-c2c[nH]c3ncc(-c4ccccc4)cc23)cc1C1CCCC1,461.03100000000035,7.886056647693163
CHEMBL597997,6.09,66.40,3,2,Cc1sc(C)c(C(=O)NC2(c3ccc(C(=O)O)cc3)CC2)c1Cc1ccc(C(F)(F)F)cc1,265.22099999999995,8.602059991327963
CHEMBL571948,2.83,83.80,3,3,C[C@@H](N)c1ccc(C(=O)Nc2ccnc3[nH]ccc23)cc1,593.6720000000001,7.522878745280337
CHEMBL2204495,5.11,64.11,4,1,O=C(Nc1cccnc1)c1cc(-c2ccnc(F)c2)ccc1OCc1ccccc1,268.22900000000004,7.212539525481585
CHEMBL1233584,0.44,63.32,2,2,CC[C@H](C)[C@H](N)C(=O)O,363.41800000000023,3.853871964321762
CHEMBL594828,2.88,74.53,8,0,COCc1nnc(N2CC(Oc3ccc(F)cc3Cl)C2)n1-c1ccc(OC)nc1,263.3809999999999,6.221848749616356
CHEMBL1704,2.95,104.73,5,3,CCCCS(=O)(=O)N[C@@H](Cc1ccc(OCCCCC2CCNCC2)cc1)C(=O)O.Cl,483.4800000000003,7.823908740944319
CHEMBL1236095,5.82,126.30,9,3,CCc1cccc(CC)c1NC(=O)c1nn(C)c2c1CCc1cnc(Nc3ccc(C(=O)NC4CCN(C)CC4)cc3OC(F)(F)F)nc1-2,318.4570000000001,5.0
CHEMBL1230714,3.73,86.83,6,2,COc1cc(-c2cc(-c3cccc(O)c3)cnc2N)cc(OC)c1OC,432.4670000000002,7.455931955649724
CHEMBL1766779,2.38,115.04,6,2,CS(=O)(=O)c1ccc(-c2cnc(N)c(C(=O)Nc3ccccc3)n2)cc1,264.32399999999996,7.585026652029182
CHEMBL310871,4.41,100.65,7,1,CCC[C@@H](NC(=O)N1C(=O)C(CC)(CC)[C@@H]1Oc1ccc(C(=O)N2CCN(C)CC2)cc1)c1ccc2c(c1)OCO2,307.37500000000006,7.638272163982407
CHEMBL128672,3.01,54.98,3,1,O=C(O)/C=C\C(=O)O.O=C(c1ccc(OCCCc2c[nH]cn2)cc1)C1CC1,451.29100000000017,4.300000029139088
CHEMBL3752060,3.78,38.05,3,1,O[C@@H](C[C@H]1c2ccccc2-c2cncn21)C1CCCCC1,277.349,6.0
CHEMBL1214186,-2.06,208.65,11,6,Nc1ncnc2c1ncn2[C@@H]1O[C@H](C[C@@H](N)CC[C@H](N)C(=O)O)[C@@H](O)[C@H]1O,408.45800000000025,6.0
CHEMBL337301,2.13,95.60,5,1,COc1ccnc2[nH]cc(C(=O)C(=O)N3CCN(C(=O)c4ccccc4)C[C@H]3C)c12,327.43200000000013,8.096910013008056
CHEMBL2206278,6.68,121.62,7,3,CCN1C(C)(C)CC(Oc2ccc(C(=O)Nc3ccc(NC(=O)Nc4cc(C(C)(C)C)on4)cc3)nc2)CC1(C)C,425.3120000000003,4.3979400086720375
CHEMBL3604460,5.07,98.54,6,1,CC1=C(C(=O)OC2CCCCC2)C(c2ccc([N+](=O)[O-])cc2)C2=C(CC(C)(C)CC2=O)N1,353.4010000000002,4.1487416512809245
CHEMBL2093950,-1.38,126.65,8,4,Nc1nccc2c1ncn2[C@@H]1O[C@H](CO)[C@@H](O)[C@@H]1O,279.1,4.0
CHEMBL237830,3.70,49.84,4,2,c1ccc(NCc2ccc(CNc3ccccn3)cc2)nc1,277.496,8.744727494896694
CHEMBL1230020,3.88,91.92,4,2,CCCS(=O)(=O)Nc1ccc(F)c(C(=O)c2c[nH]c3ncc(Cl)cc23)c1F,464.9090000000003,7.886056647693163
CHEMBL2069623,2.99,88.08,7,1,Nc1ncnc2c1c(COc1cccc(Cl)c1)nn2C1CCOCC1,272.25600000000003,6.148130399270234
CHEMBL463165,3.31,39.34,2,1,CN1c2ccccc2C(=O)N2CCc3c([nH]c4ccccc34)[C@H]21,324.25100000000003,5.585026652029182
CHEMBL3407862,6.49,82.91,6,1,Cc1ccc2cc(-c3c(C)ccc(C(=O)c4c(-c5ccccc5)n(C)n(-c5ccccc5)c4=O)c3N)ccc2n1,371.4440000000002,8.221848749616356
CHEMBL4166417,6.99,169.26,5,5,C=Cc1c(C)c2cc3nc(c(CC(=O)O)c4[nH]c(cc5nc(cc1[nH]2)C(C)=C5CC)c(C)c4C(=O)O)C(CCC(=O)O)C3C,565.7110000000002,4.709297756712146
CHEMBL4303782,2.78,108.07,8,2,COc1cc2c(c(OC)n1)[C@]1(O)[C@H](O)[C@H](CN(C)C)[C@@H](c3ccccc3)[C@]1(c1ccc(C#N)cc1)O2,361.57,6.7509974250902385
CHEMBL4297454,5.06,96.35,5,3,CCNC(=O)c1cc2c(-c3cc(C(C)(C)O)ccc3Oc3c(C)cc(F)cc3C)cn(C)c(=O)c2[nH]1,485.6280000000005,2.4600000005668043
CHEMBL2177161,1.31,134.41,8,2,CN1CCN(S(=O)(=O)c2ccc(-c3cnc(N)c(C(=O)Nc4cccnc4)n3)cc2)CC1,316.357,7.119186407719209
CHEMBL1921985,2.04,67.15,4,2,CNC(=O)c1ccc2cc([C@]3(O)CCn4cncc43)ccc2c1,503.64700000000033,6.7447274948966935
CHEMBL400402,5.58,83.40,7,2,Cc1cc(-c2cc(O)ccc2Cl)cc2nnc(Nc3ccc(OCCN4CCCC4)cc3)nc12,422.5620000000002,8.744727494896694
CHEMBL3697701,3.47,32.59,2,1,CCC(=N\O)/C(C)=C/c1ccc(F)cc1,337.4020000000002,7.130768280269024
CHEMBL2311578,5.65,86.97,8,0,Cc1cc(OCc2nnc(SC3CCCC3)n2-c2cccnc2)ccc1-c1ccc(S(C)(=O)=O)cc1,526.6850000000003,6.42021640338319
CHEMBL3260990,3.80,91.28,6,1,CC(C)(C)c1cc(C(=O)/C(C#N)=N/Nc2cccc(Cl)c2)no1,279.295,5.154901959985743
CHEMBL426560,1.41,99.52,4,3,O=C(O)CNC(=O)c1nc(Cl)c2ccccc2c1O,351.4560000000001,5.853871964321762
CHEMBL3774960,4.24,28.40,3,1,CN(C)C[C@@H](O)Cn1c2ccc(Br)cc2c2cc(Br)ccc21,333.3910000000001,5.46344155742847
CHEMBL1909324,5.29,36.92,4,0,COc1cc(Br)c(C[N+]2(CCOCCC3CCC4CC3C4(C)C)CCOCC2)cc1OC,276.679,5.756961951313706
CHEMBL2204239,5.03,74.85,4,2,CC(C)c1ccc(NC(=O)c2cccs2)c(-c2nc3ccccc3[nH]c2=O)c1,265.31300000000005,5.0
CHEMBL2171124,4.37,77.04,5,1,Cn1cc(-c2ccc3c(c2)CCN3C(=O)Cc2cccc(C(F)(F)F)c2)c2c(N)ncnc21,267.357,9.397940008672037
CHEMBL2203422,3.47,76.17,5,2,CS(=O)(=O)O.N=C(N)c1cc2ccc(OC(=O)c3cccs3)cc2s1,365.34400000000005,8.0
CHEMBL525191,2.73,83.53,6,2,OCCn1cc(-c2ccc3c(c2)CC/C3=N\O)c(-c2ccncc2)n1,665.6760000000003,9.886056647693163
CHEMBL6367,2.55,76.57,5,0,CCC(C)(C)C(=O)C(=O)N1CCC[C@H]1C(=O)OCCCc1cccnc1,228.12199999999999,4.68000002720016
CHEMBL3752151,2.53,101.19,6,1,COc1cc(C#N)ccc1S(=O)(=O)Nc1ccc2c(c1)cc(C)c(=O)n2C,415.7990000000001,7.154901959985743
CHEMBL219410,6.05,218.80,16,2,CO[C@H]1C[C@@H]2CC[C@@H](C)[C@@](O)(O2)C(=O)C(=O)N2CCCC[C@H]2C(=O)O[C@H]([C@H](C)C[C@@H]2CC[C@H](n3cnnn3)[C@H](OC)C2)CC(=O)[C@H](C)/C=C(\C)[C@@H](O)[C@@H](OC)C(=O)[C@H](C)C[C@H](C)/C=C/C=C/C=C/1C,500.3610000000001,8.481486060122112
CHEMBL2070953,4.31,88.60,6,1,COc1ccc(-c2csc(NC(=O)[C@H]3CCCCN3S(=O)(=O)c3ccc(C)cc3)n2)cc1,517.6110000000002,4.522878745280337
CHEMBL506678,5.85,99.38,6,4,CC[C@H](CC[C@@H](C)[C@H]1CC[C@H]2[C@@H]3CC=C4C[C@@H](O[C@@H]5O[C@H](CO)[C@@H](O)[C@H](O)[C@H]5O)CC[C@]4(C)[C@H]3CC[C@@]21C)C(C)C,308.636,4.498666821354433
CHEMBL360648,4.27,88.98,7,2,Cc1cc(C(=O)N2Cc3cnn(C)c3Nc3ccccc32)ccc1CNC(=O)N1CCC[C@H]1C(=S)N1CCCN(C)CC1,409.96100000000007,8.096910013008056
CHEMBL448502,4.75,0.00,0,0,C=C[C@]1(C)CC[C@@H](C(=C)C)C[C@H]1C(=C)C,308.298,3.626720106722504
CHEMBL1082462,0.83,76.44,4,1,CC(C)(CC(=O)N1CCCC1)NCC(=O)N1C[C@@H](F)C[C@H]1C#N,479.9640000000003,4.301029995663981
CHEMBL3589010,4.73,55.20,5,0,Cc1cc(/C=C2\SC(=O)N(c3ccccc3)C2=O)c(C)n1-c1cccnc1,233.31099999999998,7.394694953858891
CHEMBL3417243,-0.98,110.60,7,3,Nc1ccn([C@@H]2O[C@@](CO)(CCl)[C@@H](O)[C@H]2F)c(=O)n1,308.83799999999997,6.0
CHEMBL3901539,5.00,99.17,8,2,CS(=O)(=O)O.Cc1ncc(NC(=O)c2ccc(CN3CCN(C)CC3)c(C(F)(F)F)c2)cc1Nc1nccc(-c2cccnc2)n1,376.2100000000001,5.0
CHEMBL3350262,6.34,63.60,3,1,CCCC[C@@]1(C2CCCC2)Cc2cc(OCCCC(=O)O)c(Cl)c(Cl)c2C1=O,365.36300000000006,6.6020599913279625
CHEMBL3648328,2.91,107.85,7,2,C[C@@H]1COCCN1c1cc(C2([S@@](C)(=N)=O)CC2)nc(-c2ccnc3[nH]ccc23)n1,266.728,6.628009088535085
CHEMBL3092536,2.73,74.85,3,2,C[C@@H](NC(=O)CCc1nc2ccccc2c(=O)[nH]1)c1ccccc1,292.38200000000006,6.0
CHEMBL3353597,5.75,96.80,5,1,O=C(O)c1ccc(S(=O)(=O)N(Cc2ccc(OC(F)(F)F)cc2)c2ncc(C(F)(F)F)cc2Cl)cc1,281.315,8.080921907623926
CHEMBL327783,1.58,68.12,5,1,CCOC(=O)C12CC1/C(=N\O)c1ccccc1O2,357.7930000000001,5.468521082957745
CHEMBL3589039,3.47,71.64,6,2,CNCCN(C)Cc1c[nH]nc1-c1ccc(O[C@H]2C[C@H](OCCC3CCOCC3)C2)cc1,411.8700000000001,6.651695136951839
CHEMBL389946,3.12,128.28,5,3,Cc1ccccc1NC(=O)Nc1ccc(CC(=O)N2CCOC[C@H]2C(=O)N2CCC(CC(=O)O)CC2)cc1,247.30199999999996,8.356547323513812
CHEMBL1688861,5.26,106.34,5,3,CC(C)(N)c1cc(C(=O)N[C@@H]2CCc3ccc(Oc4ccnc5c4CCC(=O)N5)cc3C2)cc(C(F)(F)F)c1,156.269,8.67778070526608
CHEMBL91485,5.10,84.86,4,2,COc1cccc(OC)c1-c1ccc(C[C@H](NC(=O)c2c(Cl)cccc2Cl)C(=O)O)cc1,448.48800000000006,9.886056647693163
CHEMBL2381342,4.38,64.68,4,2,CN(C)Cc1cccc(N/C(=C2\C(=O)Nc3cc(C(=O)N(C)C)ccc32)c2ccccc2)c1,203.66899999999998,7.229147988357855
CHEMBL242004,7.04,41.57,3,1,Cc1ccc(NC(=O)C(C)C)cc1C1CCN(Cc2ccc(Oc3ccc(F)c(F)c3)cc2)CC1,339.34700000000004,6.638272163982407
CHEMBL473186,4.14,51.80,3,1,CC(C)c1cc(-c2ccc(F)c3ccccc23)nc(N)n1,214.25,7.721246399047171
CHEMBL233611,3.58,44.81,4,1,CCN(CC)Cc1ccc(C(=O)N(CCc2ccccc2OC)[C@@H]2CCNC2)cc1,351.4270000000001,6.769551078621726
CHEMBL3769507,4.26,92.02,6,2,CCn1cc(-c2cccc(C(F)(F)F)c2)c2sc(C(=N)NC3CCS(=O)(=O)CC3)cc2c1=O,416.64600000000024,6.799998134593398
CHEMBL592652,4.09,93.73,7,2,COC(=O)c1sccc1S(=O)(=O)Nc1ccc(Nc2ccccc2)cc1OC,297.85499999999996,5.0
CHEMBL464552,3.40,127.51,8,4,CNC(=O)c1c(F)cccc1Nc1nc(Nc2cc3c(cc2OC)CCN3C(=O)CN(C)C)nc2[nH]ccc12,356.47400000000005,8.744727494896694
CHEMBL430717,3.09,112.27,9,1,COc1cc2nc(N3CCN(C(=O)COc4c(OC)cccc4C(C)C)CC3)nc(N)c2cc1OC,433.4220000000002,7.764471553092451
CHEMBL585902,4.64,85.83,6,2,Cn1c(NC[C@@H](N)Cc2ccccc2)nc(-c2ccncc2)c(-c2ccc3ccccc3c2)c1=O,270.248,7.1249387366083
CHEMBL496594,6.38,94.69,8,2,N#Cc1cnc2c(Cl)cc(NCc3cn(CCN4CCCCCC4)nn3)cc2c1Nc1ccc(F)c(Cl)c1,314.85999999999996,7.552841968657781
CHEMBL101309,7.29,72.47,4,1,CC(C)c1cc(C(C)C)c(CC(=O)NS(=O)(=O)Oc2c(C(C)C)cccc2C(C)C)c(C(C)C)c1,372.4170000000001,4.920818753952375
CHEMBL543113,4.70,12.47,2,0,CN1C2CCC1CC(OC(c1ccc(F)cc1)c1ccc(F)cc1)C2.Cl,267.7219999999999,7.1487416512809245
CHEMBL243001,4.76,47.36,5,0,Cc1nc2ccc(Oc3ccc(F)cc3)cc2c(=O)n1C[C@H]1CCCN(C(C)C)C1,89.09400000000001,4.886056647693163
CHEMBL583194,4.04,87.99,8,1,c1cncc(CN2CCC(n3ncc4c(N5CCOCC5)nc(-c5ccc6[nH]ccc6c5)nc43)CC2)c1,368.5240000000001,8.045757490560675
CHEMBL254778,3.87,61.36,4,1,O=C(Nc1ccc(C(F)(F)F)cn1)N1CCN(c2ncccc2C(F)(F)F)CC1,381.25900000000024,7.187086643357144
CHEMBL441472,4.39,48.47,3,1,CC(C)(C)c1ccc(NC(=O)N2CCN(c3ncccc3Cl)CC2)cc1,266.098,8.318758762624412
CHEMBL560590,4.72,45.23,2,1,O=C(Nc1ccccc1)N1CCC(Cc2cnc3ccccc3c2)CC1,438.57100000000014,7.790484985457369
CHEMBL3349370,5.76,140.77,9,3,COc1cc(Nc2nc3ccccc3nc2NS(=O)(=O)c2ccc(NC(=O)c3ccc(C)c(OC)c3)cc2)cc(OC)c1,356.057,8.045757490560675
CHEMBL312750,2.90,98.36,7,2,COc1ccc(-c2cc(=O)c3c(O)c(OC)c(O)cc3o2)cc1OC,284.23199999999997,4.3979400086720375
CHEMBL3192687,3.41,66.73,4,1,O=S(=O)(/N=C/c1c(O)ccc2ccccc12)c1cccs1,324.461,5.002657309398377
CHEMBL2170062,3.04,39.52,5,0,Cc1cc(OCCN2CCOCC2)nn1-c1ccc2ccccc2c1,349.4050000000001,5.0
CHEMBL2062276,3.64,23.47,2,1,C=CCN1CC[C@]23CCCC[C@H]2[C@H]1Cc1ccc(O)cc13.O=C(O)C(O)C(O)C(=O)O,315.38000000000005,5.100000128334196
CHEMBL4128763,7.46,89.17,6,1,C[C@@H](C1CCCCC1)n1c(-c2cc3c(cc2Br)OCO3)nc2cc(C(=O)Nc3ccc(C#N)cc3)ccc21,456.7110000000003,5.180456064458132
CHEMBL320497,0.34,98.66,4,4,O=C(CCCCCCC(=O)NO)NO,454.96600000000024,6.494850021680094
CHEMBL597477,2.73,58.88,1,2,NC(=O)[C@H]1CCCc2c1[nH]c1ccc(Cl)cc21,481.33599999999996,6.795880017344075
CHEMBL125229,-1.77,58.20,2,2,O=C1CNC(=O)CN1,312.3730000000001,4.522878745280337
CHEMBL4109308,3.26,88.83,7,1,O=C(c1ccc(-n2nnc3cccnc32)cc1)N(c1ncccc1Cl)[C@@H]1CCCNC1,437.4750000000001,6.096910013008056
CHEMBL129263,2.39,52.49,5,1,O[C@@H](CCCN1CCN(c2ncc(F)cn2)CC1)c1ccc(F)cc1,244.24400000000003,6.0
CHEMBL99668,-1.50,150.44,9,4,N#Cc1cn([C@@H]2O[C@H](CO)[C@@H](O)[C@H]2O)c2ncnc(N)c12,335.36400000000003,6.508638306165727
CHEMBL446084,4.17,35.25,2,1,NCC[C@@H](Oc1ccc(C(F)(F)F)cc1)c1ccccc1,353.3690000000001,5.146727775979317
CHEMBL312607,2.60,37.30,2,1,O=C(O)c1cc2ccccc2s1,247.722,4.0
CHEMBL4289017,4.06,99.25,6,3,CC(=O)NCC(=O)N1[C@H]2CC[C@@H]1c1cc(Nc3ncc(C(F)(F)F)c(NC4CCC4)n3)ccc12,178.14299999999997,9.096910013008056
CHEMBL3426621,1.75,62.30,4,1,C[C@H]1CNCCCN1S(=O)(=O)c1cccc2cncc(F)c12,252.74499999999998,6.705533773838407
CHEMBL204738,1.94,70.56,3,2,CC(=O)NC1N=C(c2ccccc2)c2ccccc2NC1=O,284.352,5.0655015487564325
CHEMBL416715,5.43,33.20,2,0,CC[C@@H](C)N(C)C(=O)c1cc2ccccc2c(-c2ccccc2Cl)n1,542.0320000000003,8.045757490560675
CHEMBL439259,4.85,63.25,3,2,COc1ccc(Cl)cc1NC(=O)Nc1cc(C)nc2ccccc12,236.69799999999998,4.823908740944319
CHEMBL514554,4.14,113.08,7,3,CS(=O)(=O)c1cccc(CNc2nc(Nc3ccc4c(c3)CCC(=O)N4)ncc2C(F)(F)F)c1,354.3830000000001,7.958607314841775
CHEMBL479176,2.21,15.27,2,1,Cc1ccc2c(c1)[C@H]1CN(C)CC[C@H]1N2,573.7110000000004,4.600000074606178
CHEMBL478306,3.19,58.20,2,2,CC(=O)Nc1ccc(Cc2ccc(NC(C)=O)cc2)cc1,208.377,4.0
CHEMBL450195,2.44,40.46,2,2,CCCCc1ccc(O)cc1O,253.32299999999995,6.823908740944319
CHEMBL454450,3.46,37.30,1,1,CCC(C(=O)O)c1ccc(CC(C)C)cc1,287.344,3.5400000004708225
CHEMBL586702,1.82,81.43,9,0,FC(F)c1nc2ccccc2n1-c1nc(N2CCOCC2)nc(N2CCOCC2)n1,362.19399999999996,7.346787486224656
CHEMBL2093113,-0.33,109.57,5,2,Nc1cccc2c1C(=O)N([C@H]1CCC(=O)NC1=O)C2=O,136.154,8.4089353929735
CHEMBL3818875,3.40,115.62,7,3,CNc1nc(C)nc(N[C@H]2CCC[C@@H](C(=O)NCc3ccc(C#N)cc3C(F)(F)F)C2)n1,408.50800000000015,6.958607314841775
CHEMBL142009,3.19,63.69,5,1,COc1cc2c(cc1OC)CN(C(=O)[C@@H](NCc1ccncc1)C(C)(C)C)CC2,371.44000000000005,5.0
CHEMBL1076257,-1.39,110.60,7,3,Nc1nc(=O)n([C@H]2C[C@H](O)[C@@H](CO)O2)cc1F,197.241,3.9208187539523753
CHEMBL380216,2.37,136.49,4,5,CC(=O)NCC(=O)O.CC(=O)NCC(=O)O.N=C(N)c1ccc(/N=N/Nc2ccc(C(=N)N)cc2)cc1,387.2370000000001,5.050609993355087
CHEMBL221692,3.98,37.83,5,0,Fc1ccc(-c2cncc(CN3CCN(c4cccc5c4OCCO5)CC3)c2)cc1,335.3850000000001,4.730720610228102
CHEMBL1255782,4.94,52.19,6,1,CC[C@H]1CN2CCc3cc(OC)c(OC)cc3[C@@H]2C[C@@H]1C[C@H]1NCCc2cc(OC)c(OC)cc21.Cl.O,273.719,10.045757490560675
CHEMBL96606,4.10,32.26,2,2,CCNCc1cc(C(C)(C)C)c(O)c(C(C)(C)C)c1,409.25700000000006,4.8297382846050425
CHEMBL3883592,3.68,178.30,5,7,CCC(CC)(NC(=O)C(C)C)C(=O)N[C@@H](CCCNC(=N)N)C(=O)NC1(C(=O)NC(c2ccc(F)cc2)c2ccc(F)cc2)CCCC1,396.6150000000002,4.422508200162775
CHEMBL2106732,2.88,75.69,8,0,COc1ccc2c(c1OC)C(=O)O[C@@H]2[C@H]1c2c(cc3c(c2OC)OCO3)CCN1C.Cl,408.1050000000001,4.900000142057633
CHEMBL3353187,1.94,138.16,8,2,Cc1cc(-c2nc(C(=O)Nc3cn(C4CCOCC4)nc3C(N)=O)co2)ccn1.Cl,421.4560000000002,7.229147988357855
CHEMBL418899,-2.30,159.51,9,5,C[C@@]1(O)[C@H](O)[C@@H](CO)O[C@H]1n1cnc2c(=O)[nH]c(N)nc21,368.309,6.886056647693163
CHEMBL3408248,3.78,75.02,6,1,C[C@@H](Nc1cc(F)cc(F)c1)c1cc(C(=O)N(C)C)cc2c(=O)cc(N3CCOCC3)oc12,303.315,8.397940008672037
CHEMBL392525,3.56,93.28,8,2,CN(C)c1ccc(-c2nc3c(N4CCN(CC(=O)Nc5nccs5)CC4)c(Cl)cnc3[nH]2)cc1,226.70699999999994,7.376750709602099
CHEMBL214957,5.25,56.59,7,0,COc1cc(-n2cnc3cc(-c4ccc(Cl)cc4)sc3c2=O)ccc1OCCN1CCCC1,340.39000000000004,9.299988937677888
CHEMBL2386874,3.78,70.51,6,2,CN(C)c1cccc(Oc2cnc(Nc3cccc(O)c3)nc2)c1,443.2640000000002,4.0
CHEMBL2364627,5.55,85.41,5,2,CC(C)(C)Cn1c(N)nc2ccc(-c3[nH]c(C(C)(C)C)nc3-c3ccc(F)cc3)nc21.CS(=O)(=O)O.CS(=O)(=O)O,313.716,6.060480747381382
CHEMBL213100,5.94,92.29,9,1,COc1ccc(N(C(=O)Oc2c(C)cccc2C)c2ccnc(Nc3ccc(N4CCN(C)CC4)cc3)n2)c(OC)c1,544.5970000000002,5.721246399047171
CHEMBL214796,6.47,50.70,4,1,FC(F)(F)c1ccc(Nc2ncnc3cc(-c4ncccc4C(F)(F)F)ccc23)cc1,613.9150000000002,8.958607314841775
CHEMBL2169919,2.85,150.79,9,5,CC(C)N(CCCNC(=O)Nc1ccc(C(C)(C)C)cc1)C[C@H]1O[C@@H](n2ccc3c(N)ncnc32)[C@H](O)[C@@H]1O,281.315,9.397940008672037
CHEMBL2032413,8.37,49.85,3,0,CC[C@@H]1C[C@H](N(Cc2cc(C(F)(F)F)cc(C(F)(F)F)c2)C(C)=O)c2cc(C(F)(F)F)ccc2N1C(=O)OC(C)C,483.4820000000002,7.2441251443275085
CHEMBL2178284,3.12,72.55,3,2,CCc1cc(O)c(Oc2ccc(C(N)=O)cc2F)cc1F,485.6770000000004,7.920818753952375
CHEMBL2062804,3.30,82.84,8,1,CN1CCN(c2cccc(Nc3nc4c(-c5ccc(S(C)(=O)=O)cc5)cccn4n3)c2)CC1,317.514,7.0915149811213505
CHEMBL321415,6.17,53.60,4,2,CSc1nc(-c2ccc(F)cc2)c(-c2ccnc(N[C@@H](C)c3ccccc3)c2)[nH]1,475.6180000000002,6.045757490560675
CHEMBL377725,1.65,23.55,2,0,O=C1C=CC[C@@H]2[C@H]3CCCN4CCC[C@@H](CN12)[C@@H]34,225.16,3.6989700043360187
CHEMBL2064571,1.59,115.27,7,2,CC(C)(C)NS(=O)(=O)c1cncc(-c2cc(F)c3nc(N)nn3c2)c1,358.17900000000014,7.599980364934842
CHEMBL3115312,3.00,93.03,5,2,O=C(O)c1cnn(-c2nc3cc(OC(F)(F)F)c(Cl)cc3[nH]2)c1,328.2730000000001,7.0
CHEMBL4173075,3.12,87.39,5,1,CS(=O)(=O)c1ccc(Oc2cc(F)cc(C#N)c2)c2c1[C@H](O)C(F)(F)C2,326.3520000000001,7.920818753952375
CHEMBL4084106,3.17,63.93,3,2,CC(C)(N)c1nc(-c2ccc(OC(F)(F)F)cc2)c[nH]1,525.5980000000004,7.275724130399211
CHEMBL3940387,4.65,76.89,7,2,CC(C)c1c2cc(-c3ccnc(N[C@H]4CC[C@H](NC5CCOCC5)CC4)n3)ccc2nn1C,226.23099999999997,6.609064892896621
CHEMBL284954,2.50,98.54,5,1,CCOC(=O)[C@H](Cc1ccc([N+](=O)[O-])cc1)NC(=O)c1ccccc1,516.6670000000004,7.309803919971486
CHEMBL1689369,4.23,63.08,5,1,Cc1ccc(-c2csc3ncnc(SCCC(=O)O)c23)cc1,306.36500000000007,7.0
CHEMBL3109630,2.98,60.08,5,1,COc1cc2c(cc1OCCCN1CCCC1)N=C(N)C21CCC1,538.7010000000004,7.42021640338319
CHEMBL4116008,1.37,133.55,8,3,CCS(=O)(=O)N1CCN(c2ccc(Nc3ncc(C(N)=O)c(NC4CC4)n3)cc2)CC1,395.5030000000002,8.096910013008056
CHEMBL2037226,7.36,98.05,3,5,Cc1ccc(NC(=O)Nc2cc(C(F)(F)F)ccc2F)cc1Nc1ccc2c(c1)NC(=O)/C2=C\c1ccc[nH]1,479.60000000000025,6.301029995663981
CHEMBL4224714,5.18,53.60,3,2,FC(F)(F)c1ccc(CNc2ccc(Cc3c[nH]c4ncccc34)cn2)cc1,421.5050000000002,7.552841968657781
CHEMBL257839,0.38,191.60,10,8,OC[C@H]1O[C@@H](Oc2cc3c(O)cc(O)cc3[o+]c2-c2ccc(O)c(O)c2)[C@H](O)[C@@H](O)[C@@H]1O,337.26100000000025,4.0
CHEMBL282093,3.86,77.98,4,1,NS(=O)(=O)c1ccc(-n2nc(C(F)(F)F)cc2-c2ccc(Cl)cc2)cc1,528.6750000000002,8.0
CHEMBL4290012,4.94,75.00,8,1,CCN1CCN(Cc2ccc(Nc3ncc(F)c(-c4cc(F)c5nc(C)n(C(C)C)c5c4)n3)nc2)CC1.CS(=O)(=O)O,449.5510000000003,6.301029995663981
CHEMBL3613749,4.67,83.12,5,3,Cc1ncc(Cl)cc1NCc1ccc(C(=O)N[C@@H](CC2CCCC2)C(=O)NC2CC2)s1,502.5630000000003,5.022276394711152
CHEMBL167055,1.57,117.74,6,2,CC(=O)C(=Cc1cc(O)c(O)c([N+](=O)[O-])c1)C(C)=O,479.4830000000001,7.7447274948966935
CHEMBL273083,4.54,128.43,5,5,CSc1ccc(C(=O)N[C@@H]2CCCC[C@@H]2NC(=O)CNC(=O)c2cc(C(F)(F)F)ccc2NC(=O)NC(C)C)cc1,440.31900000000013,8.292429823902063
CHEMBL1086310,1.20,90.92,7,1,CC(C)c1ccc(NC(=O)Cn2cnc3c2c(=O)n(C)c(=O)n3C)cc1,549.4200000000002,5.207608310501746
CHEMBL1213178,-2.32,133.49,8,4,O=c1ncnc2n([C@H]3O[C@@H](CO)[C@H](O)[C@@H]3O)[nH]cc1-2,421.5480000000002,5.3979400086720375
CHEMBL2094620,3.05,91.74,6,2,C/C(=N/Nc1nnc2c(n1)[nH]c1c(C)cccc12)c1ccccn1,479.99000000000024,7.3979400086720375
CHEMBL191482,3.18,78.43,3,3,CC(C)[C@H](C(=O)Nc1ccc(C(=O)NO)cc1)c1ccccc1,433.59600000000023,7.795880017344075
CHEMBL112715,4.98,55.76,3,1,CC1(C)CCC(C)(C)c2cc(C3(c4ccc(C(=O)O)cc4)OCCO3)ccc21,488.3690000000001,4.899629454882437
CHEMBL117904,0.84,114.55,9,3,CO[C@@H]1[C@H](O)[C@@H](CO)O[C@H]1n1cnc2c(NC3CCCCC3)ncnc21,357.4210000000001,7.3979400086720375
CHEMBL1257753,5.10,41.05,4,1,Cc1nc(Nc2ccc(F)cc2)nc(N2CCc3ccccc3C2C)c1C.Cl,559.711,6.455931955649724
CHEMBL674,0.81,101.65,4,3,CCC(CC)O[C@@H]1C=C(C(=O)O)C[C@H](N)[C@H]1NC(C)=O,282.38700000000006,8.657577319177793
CHEMBL1628668,6.54,32.78,3,0,COc1ccc2c(c1)C(C(=O)N(Cc1ccc(N(C)C)cc1)c1ccc(C(C)C)cc1)CCC2,383.4520000000001,8.698970004336019
CHEMBL244559,0.96,123.83,7,3,Nc1nc(N)c2nc(-c3cccc(O)c3)cnc2n1,621.9149999999998,7.399027104313252
CHEMBL4059722,2.63,32.70,3,1,COc1cccc([C@]2(O)CCCC[C@H]2CN(C)C)c1,476.7420000000003,3.876148359032914
CHEMBL539581,4.34,42.01,5,0,CCN(CC)CCOc1ccc2c(c1)C(=O)c1cc(OCCN(CC)CC)ccc1-2.Cl.Cl,649.6319999999998,5.879998925531604
CHEMBL296263,-1.22,83.55,3,3,NC[C@@H](O)CC(=O)O,356.42900000000003,6.3979400086720375
CHEMBL462653,4.44,54.37,2,1,C[C@@]12CC[C@H]3[C@]4(C)CCC[C@@](C)(C(=O)O)[C@H]4CC[C@]3(CC1=O)C2,308.65600000000006,3.493494967595128
CHEMBL42661,2.58,65.60,2,2,Cc1c(-c2ccccc2F)[nH]c(N)c1C#N,322.32000000000005,6.267606240177032
CHEMBL907,4.47,109.58,6,2,CCCCc1nc(Cl)c(C(=O)O)n1Cc1ccc(-c2ccccc2-c2nn[nH]n2)cc1,402.90300000000013,8.55284196865778
CHEMBL304087,4.01,123.95,7,3,COc1cc(NC(=O)Nc2cccc(CNC(=O)O[C@H]3CCOC3)c2)ccc1-c1cnco1,444.53900000000027,8.0
CHEMBL296480,3.09,166.75,7,5,CC(C)(C)NC(=O)[C@@H]1CC2CCCCC2CN1C[C@@H](O)[C@H](Cc1ccccc1)NC(=O)[C@H](CC(N)=O)NC(=O)c1ccc2ccccc2n1,294.807,4.111483538925055
CHEMBL255682,3.21,84.50,4,2,C[C@H](NC(=O)Cc1cc(F)cc(F)c1)C(=O)N[C@H](C(=O)OC(C)(C)C)c1ccccc1,369.3430000000002,4.465973893943865
CHEMBL1086339,1.59,90.92,7,1,CCC(C)c1ccc(NC(=O)Cn2cnc3c2c(=O)n(C)c(=O)n3C)cc1,362.3630000000001,4.728158393463501
CHEMBL1774055,4.18,89.42,5,3,Cc1cc(Nc2nc(N[C@@H](C)c3ccc(F)cc3)c(C#N)cc2F)n[nH]1,271.27000000000004,8.522878745280337
CHEMBL1672558,5.35,53.43,4,1,O=C(O)C1CN(Cc2ccc(-c3nc4cc(Cc5ccccc5F)ccc4s3)c(F)c2)C1,243.334,5.0
CHEMBL3092807,3.30,95.43,8,3,CCCCNc1ncc(-c2ccc(CN3CCOCC3)cn2)c(N[C@H]2CC[C@H](O)CC2)n1,456.5310000000001,8.008773924307505
CHEMBL280974,4.47,23.47,2,1,O[C@@H](CN1CCC(Cc2ccc(F)cc2)CC1)c1ccc(Cl)cc1,341.3670000000001,7.305394801066432
CHEMBL2029422,3.31,120.34,7,3,O=C(NCC(=O)N1CC[C@H](N[C@H]2CC[C@@](O)(c3ccc(-c4ncccn4)cn3)CC2)C1)c1cccc(C(F)(F)F)c1,371.41800000000006,4.522878745280337
CHEMBL2431867,4.58,30.21,2,0,CC(C)c1ccc(-c2cc(=O)c3ccccc3o2)cc1,622.8400000000003,4.459999937940861
CHEMBL1233300,0.92,82.53,5,2,O=S(=O)(c1cccc2c(O)nccc12)N1CCCNCC1,564.1510000000004,6.119998611678231
CHEMBL254578,5.12,117.72,7,2,O=C(O)/C(Cc1ccccc1[N+](=O)[O-])=N\Nc1nc(-c2ccc(Cl)c(Cl)c2)cs1,445.9030000000003,4.935542010773082
CHEMBL3422104,5.57,84.21,6,2,CC(C)CNc1nc(-c2cccc3ncccc23)cn2c(-c3ccc(C(=O)NC4CC4)cc3)cnc12,446.5260000000001,9.0
CHEMBL3218011,3.23,87.14,5,3,O=C(NCc1cccc(O)c1)Nc1nc(-c2ccncc2)cs1,347.3960000000001,8.096910013008056
CHEMBL1413473,1.86,61.77,4,1,CC(=O)NC1=NN(C(C)=O)C(C)(c2ccccc2)S1,288.307,5.886056647693163
CHEMBL391997,3.62,55.73,3,3,Oc1cc2c(cc1O)CN(C(=S)NCCc1ccc(Cl)cc1)CCC2,223.61499999999998,6.221848749616356
CHEMBL1650443,0.53,97.05,7,1,Cn1c(=O)cc(N2CCC[C@@H](N)C2)n(Cc2cc(F)ccc2C#N)c1=O,311.34100000000007,4.0
CHEMBL1456284,1.56,82.01,5,1,Nc1ncc2c(n1)CC(c1ccco1)CC2=O,487.4120000000002,4.245651664288981
CHEMBL521179,2.80,88.71,6,2,CN(C)CCOc1cc(-c2cn[nH]c2)ccc1NC(=O)C1COc2ccccc2O1,245.33,7.251811972993799
CHEMBL222102,4.76,42.68,6,0,O=c1cc(-c2cccc3c2Sc2ccccc2S3)oc(N2CCOCC2)c1,299.84499999999997,5.7447274948966935
CHEMBL519240,1.71,76.30,6,2,Nc1nc2c(c(N3CCNCC3)n1)CCC1=C2[C@@H]2CCCC[C@@H]2O1,505.0050000000003,8.4089353929735
CHEMBL1377408,2.79,51.24,5,0,Cl.O=C(COc1ccc(Cl)cc1)N1CCN(Cc2ccc3c(c2)OCO3)CC1,195.693,4.096910013008056
CHEMBL3808844,6.47,96.73,8,1,CCOc1cn(-c2ccc(F)cc2C)nc1C(=O)Nc1ccc(Oc2ccnc3cc(OC)c(OC)cc23)c(F)c1,526.6850000000004,7.721246399047171
CHEMBL2178953,3.61,106.17,4,2,Cc1nc(C)c(-c2ccc([C@H]3CC[C@H](CC(=O)O)CC3)cc2)nc1C(N)=O,200.32199999999997,6.87942606879415
CHEMBL95692,3.08,64.86,6,1,COc1nccc(-c2c(-c3ccc(F)cc3)ncn2C2CCNCC2)n1,315.7600000000001,7.721246399047171
CHEMBL3326831,4.11,134.57,6,3,Cc1ccc(S(=O)(=O)Nc2ccc3c(c2)c(C(=O)C(F)(F)F)cn3CC(=O)N[C@@H](CC(C)C)C(=O)O)cc1,269.127,7.42021640338319
CHEMBL98350,3.30,42.68,4,0,O=c1cc(N2CCOCC2)oc2c(-c3ccccc3)cccc12,410.4570000000002,5.853871964321762
CHEMBL1652,4.64,58.20,2,2,CC[N+](CC)(CCNC(=O)C(=O)NCC[N+](CC)(CC)Cc1ccccc1Cl)Cc1ccccc1Cl,432.46900000000016,9.920818753952375
CHEMBL1398351,1.60,117.00,5,2,CCOC(=O)c1ccc(OC(=O)CCCCCN=C(N)N)cc1.CS(=O)(=O)O,464.4880000000003,4.690369832574101
CHEMBL365739,-0.20,0.00,0,0,c1ccc2c(c1)[I+]c1ccccc1-2,361.23900000000003,6.337242168318426
CHEMBL4082420,5.30,12.03,1,1,C1CCC(C(C[C@H]2CCCCN2)C2CCCCC2)CC1,500.46700000000016,4.494850021680094
CHEMBL75232,5.01,50.70,4,1,Clc1ccc(Nc2nnc(Cc3ccncc3)c3ccccc23)cc1.O=C(O)CCC(=O)O,423.53800000000007,7.113509274827518
CHEMBL9352,2.51,86.99,5,3,O=C1C[C@@H](c2ccc(O)cc2)Oc2cc(O)cc(O)c21,390.41800000000006,3.850472986245652
CHEMBL1256645,3.67,23.47,2,1,CN1CCc2cc(Cl)c(O)cc2[C@@H](c2ccccc2)C1.Cl,234.72999999999996,5.0
CHEMBL1256915,1.76,26.71,3,1,CN1CC[C@@]2(C)c3cc(O)ccc3N(C)[C@@H]12.O=C(O)/C=C/C(=O)O,502.41200000000015,5.818156412055227
CHEMBL1257040,4.95,9.72,4,0,CN1CCN(CCCN2c3ccccc3Sc3ccc(C(F)(F)F)cc32)CC1.Cl.Cl,377.444,4.795880017344075
CHEMBL1257109,2.53,55.89,5,1,Cc1scc2c1N(C(=O)CN1CCN(C)CC1)c1ccccc1NC2=O.Cl.Cl,404.4620000000002,5.499999678657065
CHEMBL2057912,4.98,78.85,6,1,Nc1ncnc2c1c(-c1ccc(Oc3ccccc3)cc1)nn2C1CCCC1,702.9039999999999,8.086186147616283
CHEMBL1650951,3.17,105.74,5,3,CC(C)(O)C(=O)N1CCN(c2ccc(C(F)(F)F)c(C3=C(c4c[nH]c5ccccc45)C(=O)NC3=O)c2)CC1,224.31,5.992679047077256
CHEMBL2030402,2.75,70.92,4,2,O=c1[nH]c([C@@H]2CCCN2)nc2c1oc1ccc(Cl)cc12,369.3430000000002,8.468521082957745
CHEMBL3233142,3.92,26.79,4,0,CN1CCN2c3c(cccc31)[C@@H]1CN(CCCC(=O)c3ccc(F)cc3)CC[C@@H]12.Cc1ccc(S(=O)(=O)O)cc1,334.379,8.154901959985743
CHEMBL2138625,4.67,73.39,6,2,C=CC(=O)Nc1cc2c(Nc3ccc(F)c(Cl)c3)ncnc2cc1C#CC(C)(C)N1CCN(C)CC1,365.33900000000006,7.0
CHEMBL1256839,3.44,40.16,5,0,COc1ccc(CCN(C)CCc2ccc(OC)c(OC)c2)cc1OC.Cl,226.32300000000004,4.900000142057633
CHEMBL1672002,1.67,34.14,2,0,CC1=CC(=O)C(C(C)C)=CC1=O,163.173,4.552841968657781
CHEMBL2058156,5.95,64.35,4,1,COc1cccc(-n2nc(C(=O)O)cc2-c2ccc(C3CCCCC3)c(Cl)c2)c1,188.27399999999994,5.657577319177793
CHEMBL1618018,1.89,49.77,4,1,CN1[C@H]2CC[C@@H]1C[C@H](OC(=O)C(O)c1ccccc1)C2,199.278,4.301029995663981
CHEMBL3911801,4.30,75.52,6,1,Cc1ccc(S(=O)(=O)O)cc1.Cn1cc(-c2ccc(F)c(C(F)(F)F)c2)nc1C1CCN(c2ncnc3[nH]ncc23)CC1,179.175,7.896196279044043
CHEMBL1727,0.44,112.73,5,3,CC1=C(C(=O)O)N2C(=O)[C@@H](NC(=O)[C@H](N)c3ccccc3)[C@H]2SC1,368.23100000000017,4.380906669373258
CHEMBL590,2.01,34.14,2,0,CC1=CC(=O)c2ccccc2C1=O,377.46900000000016,4.259637310505756
CHEMBL1204337,3.43,52.49,3,3,CC(CCc1ccccc1)NC(C)C(O)c1ccc(O)cc1.Cl,520.6370000000004,4.900000142057633
CHEMBL1256362,-0.01,49.33,2,2,Cl.O=C(O)C1=CCCNC1,460.98300000000023,4.326979092871104
CHEMBL1398474,5.71,15.71,3,0,CCN(CC)CCCCN1c2ccccc2Oc2ccc(Cl)cc21,312.42800000000005,5.892790030352131
CHEMBL223448,3.47,33.12,2,1,Oc1c(Br)cc(Br)c2cccnc12,480.4340000000001,4.6020599913279625
CHEMBL3421968,3.53,71.34,8,1,COc1cc(N2CCN(C)CC2)ccc1Nc1nccc(-c2cn(C)c3cnccc23)n1,440.36700000000013,8.522878745280337
CHEMBL53292,1.48,112.74,6,2,Cc1cc(NC(=O)C2=C(O)c3ccccc3S(=O)(=O)N2C)no1,211.17299999999997,3.876148359032914
CHEMBL291536,3.72,92.94,5,2,Cc1nc2ccc(NC(=O)Nc3ccnc4cccnc34)cc2o1,313.656,7.3979400086720375
CHEMBL307639,0.23,81.91,6,1,COCc1nc2c([nH]1)c(=O)n(C)c(=O)n2CC(C)C,462.6800000000002,5.2839966563652006
CHEMBL85139,3.10,50.68,3,1,O=c1c2ccccc2nc2n1CCc1c-2[nH]c2ccccc12,230.355,6.585026652029182
CHEMBL273386,1.21,106.51,5,1,O=[N+]([O-])c1ccc(O)c([N+](=O)[O-])c1,380.4910000000001,3.0
CHEMBL1356607,0.09,86.71,4,4,NC[C@H](O)c1ccc(O)c(O)c1.O=C(O)C(O)C(O)C(=O)O,179.30699999999996,4.900000142057633
CHEMBL42710,2.13,29.46,2,1,C=CCc1ccc(O)c(OC)c1,350.4180000000001,4.0
CHEMBL31907,7.28,49.33,2,2,CCCCCCCCCCCCCCCCNc1ccc(C(=O)O)cc1,448.0910000000001,5.0
CHEMBL1614712,4.92,69.20,6,1,Nc1ncnc2c1c(-c1cccc(OCc3ccccc3)c1)cn2[C@H]1C[C@@H](CN2CCC2)C1,463.33900000000006,5.040958607678906
CHEMBL208943,4.17,53.09,4,0,O=C(c1c2ccccc2cc2ccccc12)N1CCC(N2CCC[C@@H](C(=O)N3CCOCC3)C2)CC1,356.3,7.214670164989233
CHEMBL2165191,2.71,96.17,7,2,Cc1cc([C@@H](C)Nc2ccccc2C(=O)O)c2nc(N3CCOCC3)cc(=O)n2c1,193.20200000000003,6.060480747381382
CHEMBL1446457,5.18,37.63,4,1,COc1ccccc1C1(O)CCN(CCCn2c3ccccc3c3ccccc32)CC1,594.6890000000004,4.989999996723885
CHEMBL2106227,4.23,33.62,3,1,CCNC1=Nc2ccc(Cl)cc2C(C)(c2ccccc2)O1,339.47900000000016,4.685290307044826
CHEMBL418971,3.42,40.46,2,2,CC(C)(c1ccc(O)cc1)c1ccc(O)cc1,425.4310000000002,2.065501548756432
CHEMBL131921,2.88,79.90,5,2,COc1ccc(-c2coc3cc(O)cc(O)c3c2=O)cc1,398.9600000000001,6.3979400086720375
CHEMBL539163,3.53,49.98,4,1,Cn1c(C#N)ccc1-c1ccc2c(c1)C(C)(C)OC(=S)N2,425.5100000000001,9.301029995663981
CHEMBL2047521,2.66,54.88,3,1,O=C(Nc1cnc(Cl)nc1)c1ccc(F)c(F)c1,396.4540000000001,4.0
CHEMBL39999,2.77,49.84,3,2,S=C(NCCc1ccccn1)Nc1ccc(Br)cn1,402.40400000000017,6.096910013008056
CHEMBL4078477,3.97,72.94,4,2,Nc1cc(F)ccc1NC(=O)/C=C/c1cnn(C/C=C/c2ccccc2)c1,503.3400000000001,7.096910013008056
CHEMBL1917204,2.56,44.00,5,0,Cc1ccc(-n2sc(=O)n(Cc3ccc(F)cc3)c2=O)cc1,351.12100000000004,7.521433504406157
CHEMBL2204502,4.22,117.42,6,3,CC[C@@H](C)Nc1cc(C(=O)NC2CC3CCC(C2)N3c2ccc(C(=O)C3CC3)cn2)c(C)cc1C(N)=O,341.53600000000006,7.251811972993799
CHEMBL2017214,3.12,90.89,9,3,CSc1ccccc1Nc1nc(N2CCNCC2)nc2c(NCC3CC3)ncnc12,563.6250000000002,7.920818753952375
CHEMBL1951415,4.23,69.62,5,1,Nc1nccc(-c2c(-c3ccc(F)cc3)ncn2C2CCCCC2)n1,354.48700000000014,8.096910013008056
CHEMBL3355096,4.32,139.84,8,6,CC(C)=CCC[C@](C)(O[C@@H]1O[C@H](CO)[C@@H](O)[C@H](O)[C@H]1O)[C@H]1CC[C@]2(C)[C@@H]1[C@H](O)C[C@@H]1[C@@]3(C)CC[C@H](O)C(C)(C)[C@@H]3CC[C@]12C,308.337,3.6989700043360187
CHEMBL561533,4.87,56.15,4,1,CCCC(CCC)C(=O)NCc1ccc2c(cnn2-c2ccccc2OC)c1,182.226,8.301029995663981
CHEMBL1255588,4.84,23.47,2,1,CC(C)(C)[C@@]1(O)CCN2C[C@@H]3c4ccccc4CCc4cccc(c43)[C@H]2C1,328.5000000000001,7.920818753952375
CHEMBL1257423,3.51,96.37,6,3,O=C(NCCO)c1cccc(-c2cc(Nc3ccc(OC(F)(F)F)cc3)ncn2)c1,395.47800000000007,5.698970004336019
CHEMBL3287735,4.63,95.05,6,3,CC[C@H](C)n1cc(C)c2c(C(=O)NCc3c(C)cc(C)[nH]c3=O)cc(-c3ccc(N4CCNCC4)nc3)cc21,471.4970000000002,7.795880017344075
CHEMBL2177380,3.10,81.59,6,2,CC(C)NC[C@@H](C(=O)N1CCN(c2ncnc3c2[C@H](C)C[C@@H]3O)CC1)c1ccc(Cl)cc1,326.83100000000013,5.809108283077831
CHEMBL4089840,2.79,59.16,3,1,O=C(COc1cccc2c(=O)[nH]ccc12)c1ccccc1,399.87500000000017,5.889999848866887
CHEMBL209569,5.46,88.51,6,3,C[C@@H]1CN(c2ncc(C(O)CO)cc2Cl)CCN1c1nc2c(-c3cc(F)c(F)c(F)c3)cc(C(F)(F)F)cc2[nH]1,553.5710000000004,9.045757490560675
CHEMBL1229535,1.42,111.62,5,3,CC(=O)/N=c1/[nH]c(C)c(-c2ccc(Cl)c(S(=O)(=O)NCCO)c2)s1,394.4030000000002,7.795880017344075
CHEMBL3094387,5.27,49.33,2,2,O=C(Nc1ccc(C(O)(C(F)(F)F)C(F)(F)F)cc1)c1ccc(C(F)(F)F)cc1,539.6800000000004,5.0
CHEMBL393929,4.06,54.35,5,1,O=C1N=C(NCc2cccs2)S/C1=C\c1ccc2ncccc2c1,117.14799999999998,5.943095148663527
CHEMBL3116252,3.95,65.90,5,1,O=C(C(c1ccccc1)c1ccccc1)N1CCN(CC(O)COc2cccc3ncccc23)CC1.O=C(O)/C=C/C(=O)O,341.8460000000001,3.3010299956639813
CHEMBL2023158,3.60,74.25,3,3,O=C(Nc1ccc(-c2ccncc2)cc1)N[C@H](CO)c1ccccc1,420.46500000000015,7.0
CHEMBL375270,3.50,72.24,3,1,O=C(Nc1ccccc1)c1cc([N+](=O)[O-])ccc1Cl,164.16,5.481486060122113
CHEMBL353581,1.87,91.32,4,3,O=C(CCCCCCC(=O)Nc1cccnc1)NO,264.328,6.698970004336019
CHEMBL3360305,2.60,103.02,6,2,COc1cccc(-c2cc(F)ccc2[C@H]2Cc3nc(N)nc(C)c3C(=O)N2)n1,384.51600000000025,7.552841968657781
CHEMBL3401292,5.14,99.57,8,2,Cc1c(NC(=O)c2cc3c(s2)CCCC3)cccc1-c1cn(C)c(=O)c(Nc2ccc([C@H]3C(=O)N(C)CCN3C)cc2)n1,472.6100000000002,6.795880017344075
CHEMBL565269,4.26,37.81,4,1,Cc1cccc(Nc2nc(-c3ccncc3)cs2)c1,121.16099999999997,5.6777807052660805
CHEMBL1476605,7.00,20.23,1,1,CC(C)(C)CC(C)(C)c1ccc(O)c(Cc2ccc(Cl)cc2Cl)c1,337.4490000000001,5.192464971931146
CHEMBL539313,1.77,33.62,3,1,CCC1(C2=NCCN2)Cc2ccccc2O1.Cl,583.6010000000002,5.200000237109354
CHEMBL2430359,3.14,129.21,8,3,CN(c1ncccc1CNc1nc(Nc2ccc3c(c2)CC(=O)N3)ncc1C(F)(F)F)S(C)(=O)=O.O=S(=O)(O)c1ccccc1,423.53800000000007,7.853871964321762
CHEMBL592374,2.85,12.03,1,1,Clc1ccc([C@]23CNC[C@H]2C3)cc1Cl,507.4490000000002,7.292429823902063
CHEMBL600764,3.35,65.79,4,1,O=C(CN1CCN(C(=O)c2ccco2)CC1)Nc1cc(C(F)(F)F)ccc1Cl,570.6980000000001,5.0
CHEMBL583042,5.43,102.93,5,4,Cc1cnc(Nc2ccc(F)cc2Cl)nc1-c1c[nH]c(C(=O)N[C@H](CO)c2cccc(Cl)c2)c1,397.3780000000001,7.318758762624412
CHEMBL327002,5.37,138.18,7,3,Cc1cc(C)c(N(Cc2ccccc2)S(=O)(=O)c2ccc(OCCNC(=O)c3cc4ccccc4o3)cc2)c(C(=O)NO)c1,455.9710000000002,7.769551078621726
CHEMBL254760,5.68,81.07,7,2,Cn1cnc(-c2cc3nccc(Oc4ccc(NC(=S)NC(=O)Cc5ccccc5)cc4F)c3s2)c1,189.12699999999998,7.5376020021010435
CHEMBL539507,3.33,12.47,2,0,C#CCN(C)CCCOc1ccc(Cl)cc1Cl.Cl,101.105,4.301029995663981
CHEMBL1553629,5.35,48.13,2,2,CCc1c(C(=O)NCCc2ccc(N3CCCCC3)cc2)[nH]c2ccc(Cl)cc12,300.266,5.0
CHEMBL473159,0.80,60.69,3,3,Oc1cc(O)cc(O)c1,108.13999999999999,3.4061603389187285
CHEMBL464859,-1.84,148.41,9,4,CCNC(=O)[C@H]1O[C@@H](n2cnc3c(N)ncnc32)[C@H](O)[C@@H]1O,250.29399999999995,6.795880017344075
CHEMBL514344,6.33,85.47,5,2,CCOc1cc(C(=O)Nc2ccc(Cl)c(-c3nc4ccccc4[nH]3)c2)cc(OCC)c1OCC,163.173,7.522878745280337
CHEMBL1410068,5.45,68.90,5,1,CC1(C)C=Cc2c(c3c(c4c(=O)c(-c5ccc(O)cc5)coc24)OC(C)(C)CC3)O1,388.886,5.492144128304169
CHEMBL1099,0.03,55.40,3,1,CC1(C)OC(=O)NC1=O,449.63900000000024,3.0
CHEMBL99377,2.08,38.33,2,1,CCC(=O)NC1CCc2cccc(OC)c2C1,357.56300000000005,9.318758762624412
CHEMBL344151,3.15,12.03,1,1,C[C@]12N[C@H](Cc3ccccc31)c1ccccc12.O=C(O)/C=C\C(=O)O,367.7880000000001,10.0
